{
  "com.liferay.oauth2.provider.configuration.OAuth2ProviderApplicationUserAgentConfiguration~my-object-action-user-agent" : {
    "baseURL" : "${portalURL}/o/object-action-service-springboot",
    "description" : "",
    "dxp.lxc.liferay.com.virtualInstanceId" : "default",
    "homePageURL" : "https://$[conf:ext.lxc.liferay.com.mainDomain]",
    "name" : "",
    "scopes" : [ "C_MyObject.everything" ],
    "sourceCodeURL" : "",
    "type" : "oauthApplicationUserAgent",
    "typeSettings" : [ "scopes=C_MyObject.everything", "homePageURL=https://$[conf:ext.lxc.liferay.com.mainDomain]" ]
  },
  "com.liferay.object.internal.configuration.FunctionObjectActionExecutorImplConfiguration~my-object-action-object-action" : {
    "baseURL" : "${portalURL}/o/object-action-service-springboot",
    "description" : "",
    "dxp.lxc.liferay.com.virtualInstanceId" : "default",
    "name" : "",
    "oAuth2ApplicationExternalReferenceCode" : "my-object-action-user-agent",
    "resourcePath" : "/myobject/action",
    "sourceCodeURL" : "",
    "type" : "objectAction",
    "typeSettings" : [ "oAuth2ApplicationExternalReferenceCode=my-object-action-user-agent", "resourcePath=/myobject/action" ]
  }
}